{
  "timestamp": "2026-03-05T15:58:11.827740",
  "accuracy": 0.9975,
  "precision": 0.9980192751138178,
  "recall": 0.997694831102048,
  "f1": 0.9978570267354389,
  "roc_auc": 0.9999788882979871
}